City_ID,City,Country,Lat,Lng,Max Temp,Humidity,Cloudiness,Wind Speed,Weather Description
0,Provideniya,RU,64.3833,-173.3,26.71,80,100,8.99,overcast clouds
1,Vestmanna,FO,62.1564,-7.1664,34.72,80,100,1.14,light intensity drizzle
2,Guaruja,BR,-23.9931,-46.2564,74.21,79,0,3.04,clear sky
3,Jamestown,US,42.097,-79.2353,41.02,60,93,11.01,overcast clouds
4,Mataura,NZ,-46.1927,168.8643,55.47,85,67,3.02,broken clouds
5,Mahebourg,MU,-20.4081,57.7,75.49,88,40,9.22,scattered clouds
6,Hobart,AU,-42.8794,147.3294,60.03,83,75,0.0,light rain
7,Terrace Bay,CA,48.7834,-87.1,22.75,80,100,14.03,overcast clouds
8,Ushuaia,AR,-54.8,-68.3,38.86,81,20,18.41,few clouds
9,Bitung,ID,1.4451,125.1824,79.65,83,100,4.85,moderate rain
10,Georgetown,MY,5.4112,100.3354,89.53,74,20,5.75,few clouds
11,Tiksi,RU,71.6872,128.8694,10.38,88,49,3.0,scattered clouds
12,Zacualpan,MX,21.25,-105.1667,72.97,71,0,4.16,clear sky
13,Kampene,CD,-3.6,26.6667,67.86,100,100,1.9,moderate rain
14,Codrington,AU,-38.2667,141.9667,64.42,68,93,12.62,overcast clouds
15,New Norfolk,AU,-42.7826,147.0587,59.67,73,100,2.13,light rain
16,Charlestown,AU,-32.95,151.6667,73.81,87,100,3.89,light rain
17,Kula,TR,38.5473,28.6498,58.28,63,98,1.57,overcast clouds
18,Bengkulu,ID,-3.8004,102.2655,85.93,67,66,5.5,broken clouds
19,Albanel,CA,48.8832,-72.4487,37.54,87,100,5.75,overcast clouds
20,Coihueco,CL,-36.6167,-71.8333,47.14,87,76,10.36,broken clouds
21,Oktyabrskiy,RU,54.4815,53.471,58.17,64,99,16.24,overcast clouds
22,Kapaa,US,22.0752,-159.319,78.78,81,76,3.0,broken clouds
23,Vao,NC,-22.6667,167.4833,74.71,60,100,18.43,overcast clouds
24,Longonjo,AO,-12.9067,15.2533,60.84,73,96,3.2,overcast clouds
25,Langsa,ID,4.4683,97.9683,91.2,58,69,3.11,broken clouds
26,Hauterive,FR,46.0901,3.4459,39.96,92,16,2.39,few clouds
27,Saskylakh,RU,71.9167,114.0833,18.77,80,96,4.36,overcast clouds
28,Mar Del Plata,AR,-38.0023,-57.5575,62.87,99,100,13.0,heavy intensity rain
29,Albany,US,42.6001,-73.9662,47.39,83,100,1.01,overcast clouds
30,Kavieng,PG,-2.5744,150.7967,86.25,67,20,14.18,few clouds
31,Cidreira,BR,-30.1811,-50.2056,71.55,89,58,16.53,broken clouds
32,Port Alfred,ZA,-33.5906,26.891,56.17,89,44,5.21,scattered clouds
33,Corrente,BR,-3.7367,-43.3394,71.37,98,96,2.24,light rain
34,Butaritari,KI,3.0707,172.7902,81.37,81,87,17.58,light rain
35,Asau,RO,46.4333,26.4,48.96,100,86,0.96,overcast clouds
36,Dingle,PH,10.9995,122.6711,86.56,69,100,10.8,overcast clouds
37,Atuona,PF,-9.8,-139.0333,78.69,76,18,22.7,light rain
38,East London,ZA,-33.0153,27.9116,59.94,77,0,1.14,clear sky
39,Punta Arenas,CL,-53.15,-70.9167,33.91,80,20,5.75,few clouds
40,Huarmey,PE,-10.0681,-78.1522,67.23,88,91,7.92,overcast clouds
41,Bredasdorp,ZA,-34.5322,20.0403,52.16,85,0,4.14,clear sky
42,Yucca Valley,US,34.1142,-116.4322,70.12,20,90,11.99,overcast clouds
43,Tabou,CI,4.423,-7.3528,78.93,84,100,6.31,overcast clouds
44,Gamba,GA,-2.65,10.0,75.88,91,100,6.64,moderate rain
45,Black River,JM,18.0264,-77.8487,74.71,85,34,3.65,scattered clouds
46,Barrhead,GB,55.7992,-4.3929,43.05,84,75,3.44,broken clouds
47,Tasiilaq,GL,65.6145,-37.6368,23.85,87,86,4.68,overcast clouds
48,Bluff,NZ,-46.6,168.3333,55.8,67,29,7.23,scattered clouds
49,Katsuura,JP,35.1333,140.3,73.42,89,100,25.05,light rain
50,Cape Town,ZA,-33.9258,18.4232,57.9,76,0,5.75,clear sky
51,Qaqortoq,GL,60.7167,-46.0333,36.77,87,100,3.47,overcast clouds
52,Hasaki,JP,35.7333,140.8333,75.6,78,100,20.02,light rain
53,Lockport,US,41.5895,-88.0578,41.59,74,8,4.0,clear sky
54,Mount Isa,AU,-20.7333,139.5,85.77,48,40,4.61,scattered clouds
55,Ostersund,SE,63.1792,14.6357,28.62,93,0,8.05,clear sky
56,Scottsbluff,US,41.8666,-103.6672,59.77,36,73,1.01,broken clouds
57,Hearst,CA,49.6835,-83.6665,21.45,84,100,10.07,overcast clouds
58,Ilulissat,GL,69.2167,-51.1,34.38,94,100,9.17,overcast clouds
59,Mount Gambier,AU,-37.8333,140.7667,71.51,49,40,18.41,scattered clouds
60,Giyani,ZA,-23.3025,30.7187,63.93,84,100,7.49,overcast clouds
61,Varhaug,NO,58.6147,5.6457,42.85,83,59,6.15,broken clouds
62,Axim,GH,4.8699,-2.2405,79.29,89,100,6.89,overcast clouds
63,Fortuna,US,40.5982,-124.1573,51.66,81,20,10.36,few clouds
64,Yellowknife,CA,62.456,-114.3525,43.32,52,40,6.91,scattered clouds
65,Kirakira,SB,-10.4544,161.9205,84.33,71,99,5.61,overcast clouds
66,Busselton,AU,-33.65,115.3333,65.32,58,35,13.8,scattered clouds
67,Nikolskoye,RU,59.7035,30.7861,36.88,86,62,5.39,broken clouds
68,Rikitea,PF,-23.1203,-134.9692,77.97,76,100,22.82,light rain
69,Nanortalik,GL,60.1432,-45.2371,36.43,80,100,8.08,overcast clouds
70,Yaan,NG,7.3833,8.5667,78.78,77,100,8.79,overcast clouds
71,Khatanga,RU,71.9667,102.5,21.69,81,99,10.83,overcast clouds
72,Hermanus,ZA,-34.4187,19.2345,53.8,82,0,10.16,clear sky
73,Salalah,OM,17.0151,54.0924,80.58,75,4,2.3,clear sky
74,Saint George,US,37.1041,-113.5841,74.95,11,97,4.0,overcast clouds
75,Pyu,MM,18.4833,96.4333,98.73,37,12,7.99,few clouds
76,Labuhan,ID,-6.8844,112.2051,86.54,66,95,4.0,overcast clouds
77,Thompson,CA,55.7435,-97.8558,30.36,40,0,4.61,clear sky
78,Chisec,GT,15.8167,-90.2833,70.59,95,51,1.1,broken clouds
79,Vila Franca Do Campo,PT,37.7167,-25.4333,66.2,92,28,11.63,scattered clouds
80,Qasigiannguit,GL,68.8193,-51.1922,36.45,79,100,8.99,overcast clouds
81,Dan Khun Thot,TH,15.2085,101.7714,97.32,40,11,9.26,few clouds
82,Torbay,CA,47.6666,-52.7314,35.89,94,100,5.01,mist
83,Karratha,AU,-20.7377,116.8463,83.07,53,100,11.01,overcast clouds
84,Dikson,RU,73.5069,80.5464,18.63,85,96,15.35,overcast clouds
85,Saint-Philippe,RE,-21.3585,55.7679,75.22,82,43,7.63,light rain
86,Torres,BR,-29.3353,-49.7269,73.83,91,43,7.43,scattered clouds
87,Hithadhoo,MV,-0.6,73.0833,84.27,73,80,5.26,broken clouds
88,Lompoc,US,34.6391,-120.4579,53.94,82,0,11.5,clear sky
89,Cockburn Town,TC,21.4612,-71.1419,76.82,68,3,17.09,clear sky
90,Pevek,RU,69.7008,170.3133,34.95,71,100,23.15,overcast clouds
91,Te Anau,NZ,-45.4167,167.7167,56.93,66,53,2.42,broken clouds
92,Fukue,JP,32.6881,128.8419,71.96,78,0,14.97,clear sky
93,Egvekinot,RU,66.3167,-179.1667,28.33,87,100,1.81,overcast clouds
94,Tilichiki,RU,60.4667,166.1,31.96,100,100,6.06,overcast clouds
95,Bereda,ES,43.2686,-7.5406,47.57,100,24,1.45,few clouds
96,Vila Velha,BR,-20.3297,-40.2925,71.94,95,20,2.3,few clouds
97,Nuuk,GL,64.1835,-51.7216,35.28,92,100,31.29,light snow
98,Hailey,US,43.5196,-114.3153,40.8,63,8,8.01,clear sky
99,Yulara,AU,-25.2406,130.9889,82.24,23,85,9.22,overcast clouds
100,Ailigandi,PA,9.2333,-78.0167,79.12,86,100,3.15,overcast clouds
101,Leh,IN,34.1667,77.5833,44.01,43,6,1.63,clear sky
102,Hami,CN,42.8,93.45,61.41,34,35,5.06,scattered clouds
103,Ribeira Grande,PT,38.5167,-28.7,63.41,94,97,24.32,overcast clouds
104,Vaini,TO,-21.2,-175.2,78.96,61,20,10.36,few clouds
105,Korla,CN,41.7597,86.1469,63.25,31,2,9.46,clear sky
106,Victoria,HK,22.2855,114.1577,88.25,88,0,1.01,clear sky
107,Port Hedland,AU,-20.3167,118.5667,84.25,54,100,8.05,overcast clouds
108,Severo-Kurilsk,RU,50.6789,156.125,33.55,81,100,16.37,overcast clouds
109,Fujin,CN,47.26,132.0322,48.36,30,14,29.46,few clouds
110,Arraial Do Cabo,BR,-22.9661,-42.0278,75.09,91,1,15.21,clear sky
111,Olafsvik,IS,64.8945,-23.7142,42.24,77,92,3.06,overcast clouds
112,Isiro,CD,2.7739,27.616,66.33,91,100,1.88,overcast clouds
113,Opuwo,NA,-18.0607,13.84,64.65,43,6,4.68,clear sky
114,Pedernales,DO,18.0384,-71.744,77.56,70,48,3.85,scattered clouds
115,Bozeman,US,45.6796,-111.0386,47.19,70,84,7.0,broken clouds
116,Prince Rupert,CA,54.3161,-130.3201,42.49,93,0,6.91,clear sky
117,La Ronge,CA,55.1001,-105.2842,37.65,38,40,10.36,scattered clouds
118,Qaanaaq,GL,77.484,-69.3632,10.83,60,39,8.72,scattered clouds
119,Lavumisa,SZ,-27.31,31.892,56.25,84,27,3.69,scattered clouds
120,Sosnogorsk,RU,63.6023,53.8817,34.93,80,100,8.68,overcast clouds
121,Puerto Ayora,EC,-0.7393,-90.3518,72.12,87,25,4.63,scattered clouds
122,Plouzane,FR,48.3833,-4.6167,48.25,87,0,10.36,clear sky
123,Isangel,VU,-19.55,169.2667,79.3,58,100,17.54,overcast clouds
124,Grindavik,IS,63.8424,-22.4338,41.47,93,0,2.3,clear sky
125,Avarua,CK,-21.2078,-159.775,84.25,74,40,5.75,scattered clouds
126,Sao Filipe,CV,14.8961,-24.4956,72.81,72,16,12.19,few clouds
127,Pizhma,RU,57.8642,47.1171,47.19,84,100,4.94,overcast clouds
128,Kaitangata,NZ,-46.2817,169.8464,53.71,78,85,4.03,overcast clouds
129,Inhambane,MZ,-23.865,35.3833,69.17,70,0,10.89,clear sky
130,Hilo,US,19.7297,-155.09,80.28,85,75,9.22,broken clouds
131,Aktau,KZ,43.65,51.2,64.98,37,99,17.54,overcast clouds
132,Ternate,ID,0.8,127.4,86.36,66,33,4.16,scattered clouds
133,Gashua,NG,12.871,11.0482,80.98,12,83,8.81,broken clouds
134,Berlevag,NO,70.8578,29.0864,19.4,74,100,30.85,light snow
135,Longyearbyen,SJ,78.2186,15.6401,3.04,55,40,6.91,scattered clouds
136,Norman Wells,CA,65.282,-126.8329,39.24,60,75,8.05,broken clouds
137,Ekuvukeni,ZA,-28.4675,30.1551,49.73,91,88,2.06,overcast clouds
138,Agirish,RU,61.9247,63.0231,47.86,92,99,6.11,overcast clouds
139,Namibe,AO,-15.1961,12.1522,71.46,72,1,4.0,clear sky
140,Pathein,MM,16.7833,94.7333,95.05,42,98,10.36,overcast clouds
141,Araouane,ML,18.9048,-3.5265,71.6,26,0,9.19,clear sky
142,Pisco,PE,-13.7,-76.2167,66.02,88,0,10.36,clear sky
143,Donskoye,RU,45.4552,41.9741,64.53,81,22,10.76,few clouds
144,Sorland,NO,67.667,12.6934,32.65,55,100,15.41,overcast clouds
145,Laguna,US,38.421,-121.4238,65.75,56,0,8.05,clear sky
146,Kovin,RS,44.7475,20.9761,54.9,83,62,1.54,broken clouds
147,Guanica,PR,17.9716,-66.908,74.95,80,35,4.83,scattered clouds
148,Half Moon Bay,US,37.4636,-122.4286,56.01,78,40,12.66,haze
149,Zhigansk,RU,66.7697,123.3711,22.57,79,25,15.66,scattered clouds
150,Livingston,GB,55.9029,-3.5226,41.27,88,100,3.44,overcast clouds
151,Port Elizabeth,ZA,-33.918,25.5701,57.49,72,0,3.44,clear sky
152,Talara,PE,-4.5772,-81.2719,67.5,88,44,13.87,scattered clouds
153,Bethel,US,41.3712,-73.414,54.63,93,100,3.15,light rain
154,Castro,BR,-24.7911,-50.0119,61.21,90,27,3.44,scattered clouds
155,Husavik,IS,66.0449,-17.3389,36.37,99,100,7.09,overcast clouds
156,Powell River,CA,49.8496,-124.5361,48.2,79,41,2.35,scattered clouds
157,Lagoa,PT,39.05,-27.9833,61.72,93,74,20.96,broken clouds
158,Otanche,CO,5.6567,-74.1825,66.61,98,100,2.48,overcast clouds
159,Ardahan,TR,41.1087,42.7022,49.06,79,71,1.88,broken clouds
160,Banda Aceh,ID,5.5577,95.3222,86.5,71,100,6.55,overcast clouds
161,Salina,US,38.8403,-97.6114,58.3,40,62,8.01,broken clouds
162,Padilla,CO,3.2204,-76.3139,71.17,94,95,2.24,overcast clouds
163,Chokurdakh,RU,70.6333,147.9167,16.23,89,100,11.16,overcast clouds
164,Cache Creek,CA,50.8101,-121.3246,45.91,67,96,1.68,overcast clouds
165,Thinadhoo,MV,0.5333,72.9333,84.33,72,88,3.94,overcast clouds
166,Alexandria,EG,31.2156,29.9553,60.76,82,0,4.61,clear sky
167,Sao Borja,BR,-28.6606,-56.0044,81.95,76,95,13.56,overcast clouds
168,Pincher Creek,CA,49.4833,-113.952,41.16,52,20,31.07,few clouds
169,Ulaangom,MN,49.9811,92.0667,46.06,19,100,5.39,overcast clouds
170,Maldonado,UY,-34.6667,-54.9167,75.22,90,71,20.04,broken clouds
171,Progreso,MX,21.2833,-89.6667,79.11,81,39,14.09,scattered clouds
172,Cayenne,GF,4.9333,-52.3333,81.09,1,75,1.14,broken clouds
173,Gorontalo,ID,0.5412,123.0595,81.23,90,100,1.59,overcast clouds
174,Umm Lajj,SA,25.0213,37.2685,80.83,42,72,3.38,broken clouds
175,Pak Phanang,TH,8.3511,100.202,93.22,67,100,5.41,overcast clouds
176,Chuy,UY,-33.6971,-53.4616,69.33,93,100,15.66,overcast clouds
177,Sitka,US,57.0531,-135.33,43.66,81,58,4.12,broken clouds
178,Kailua,US,21.4022,-157.7394,80.02,77,40,4.0,scattered clouds
179,Ponta Do Sol,PT,32.6667,-17.1,61.43,66,0,2.46,clear sky
180,Champerico,GT,14.3,-91.9167,84.02,71,44,7.61,scattered clouds
181,Bubaque,GW,11.2833,-15.8333,79.02,71,13,4.27,few clouds
182,Sibolga,ID,1.7427,98.7792,86.92,64,93,4.29,overcast clouds
183,Geraldton,AU,-28.7667,114.6,70.21,64,100,18.41,overcast clouds
184,Springbok,ZA,-29.6643,17.8865,53.56,27,0,11.63,clear sky
185,Kavaratti,IN,10.5669,72.642,85.05,72,18,4.54,few clouds
186,Talnakh,RU,69.4865,88.3972,22.21,88,99,12.48,overcast clouds
187,Boyolangu,ID,-8.1181,111.8935,86.0,69,100,2.04,overcast clouds
188,Collierville,US,35.042,-89.6645,50.09,68,0,3.44,clear sky
189,Arlit,NE,18.7369,7.3853,76.37,15,0,7.16,clear sky
190,Pohrebyshche,UA,49.4864,29.2636,43.48,90,7,6.06,clear sky
191,Adrar,MR,20.5022,-10.0711,66.83,41,0,11.45,clear sky
192,Kloulklubed,PW,7.0419,134.2556,77.5,78,100,10.8,light rain
193,Santo Domingo,DO,18.5001,-69.9886,75.04,83,20,9.22,few clouds
194,Bennington,US,42.8781,-73.1968,51.94,95,100,8.05,moderate rain
195,Bratsk,RU,56.1325,101.6142,30.69,68,100,14.67,light snow
196,Saint-Pierre,RE,-21.3393,55.4781,75.29,65,40,9.22,scattered clouds
197,Preobrazheniye,RU,42.9019,133.9064,52.27,35,0,16.13,clear sky
198,Derzhavinsk,KZ,51.1,66.3167,60.73,40,48,8.75,scattered clouds
199,Carnarvon,AU,-24.8667,113.6333,75.27,57,40,12.66,scattered clouds
200,Bemidji,US,47.4736,-94.8803,27.9,72,0,5.75,clear sky
201,Maymyo,MM,22.0333,96.4667,87.69,34,0,7.16,clear sky
202,Esperance,AU,-33.8667,121.9,58.84,57,87,6.58,light rain
203,Usogorsk,RU,63.4106,48.6872,33.15,90,100,4.59,light snow
204,Aklavik,CA,68.2191,-135.0107,29.16,90,100,7.09,overcast clouds
205,Osorno,CL,-40.5667,-73.15,42.26,96,100,5.3,light rain
206,Neiafu,TO,-18.65,-173.9833,77.68,94,75,4.61,moderate rain
207,Sirpur,IN,19.4833,79.6,101.25,23,3,7.4,clear sky
208,Airai,TL,-8.9266,125.4092,76.01,52,97,2.33,overcast clouds
209,Kodiak,US,57.79,-152.4072,45.5,64,12,2.84,few clouds
210,Carmarthen,GB,51.8555,-4.3054,49.89,82,97,7.36,overcast clouds
211,Taoudenni,ML,22.6783,-3.9836,72.66,28,0,10.98,clear sky
212,Huntsville,US,34.7304,-86.5861,52.05,59,0,13.0,clear sky
213,Vaasa,FI,63.096,21.6158,30.94,69,0,4.61,clear sky
214,Beringovskiy,RU,63.05,179.3167,32.47,99,100,7.29,overcast clouds
215,Tuktoyaktuk,CA,69.4541,-133.0374,14.0,85,75,8.05,broken clouds
216,Grand Gaube,MU,-20.0064,57.6608,75.6,77,14,7.0,few clouds
217,Biak,ID,-0.9131,122.8766,77.02,92,100,6.15,light rain
218,Shar,KZ,49.5886,81.0453,59.23,26,24,7.16,few clouds
219,Broome,US,42.2506,-75.833,45.66,73,100,8.99,overcast clouds
220,Kattivakkam,IN,13.2167,80.3167,88.07,80,7,12.03,clear sky
221,Nantucket,US,41.2835,-70.0995,55.51,93,100,14.97,overcast clouds
222,Sile,TR,41.1754,29.6133,52.57,79,6,4.18,clear sky
223,Jiuquan,CN,39.7432,98.5174,59.72,28,64,17.72,broken clouds
224,Bosaso,SO,11.2842,49.1816,83.73,63,12,8.77,few clouds
225,Teya,RU,60.3778,92.6267,35.13,83,66,2.82,broken clouds
226,Cam Ranh,VN,11.9214,109.1591,89.56,58,20,8.05,few clouds
227,Margate,GB,51.3813,1.3862,47.7,71,94,4.0,overcast clouds
228,Santa Isabel Do Rio Negro,BR,-0.4139,-65.0192,72.82,98,100,1.28,overcast clouds
229,Pangnirtung,CA,66.1451,-65.7125,-9.85,76,8,8.77,clear sky
230,Trairi,BR,-3.2778,-39.2689,74.55,91,78,6.53,broken clouds
231,Tingi,TZ,-11.3,35.0333,62.15,96,100,4.03,overcast clouds
232,Guerrero Negro,MX,27.9769,-114.0611,61.7,82,12,13.56,few clouds
233,Vysokogornyy,RU,50.1167,139.15,28.9,93,100,14.36,light snow
234,Vilyuysk,RU,63.7553,121.6247,30.0,67,65,5.99,broken clouds
235,Ayacucho,PE,-13.1583,-74.2239,53.73,80,98,4.83,overcast clouds
236,Puerto Escondido,MX,15.85,-97.0667,81.99,71,84,2.51,broken clouds
237,Zhezkazgan,KZ,47.8043,67.7144,57.18,54,20,4.47,few clouds
238,Wajir,KE,1.7471,40.0573,80.56,78,75,4.61,broken clouds
239,Cochrane,CA,51.1834,-114.4687,45.54,71,75,12.66,broken clouds
240,Sahuaripa,MX,29.05,-109.2333,75.81,18,1,8.05,clear sky
241,Ambilobe,MG,-13.2,49.05,72.55,81,45,2.91,scattered clouds
242,Barrow,US,71.2906,-156.7887,11.59,92,81,9.84,broken clouds
243,Broken Hill,AU,-31.95,141.4333,62.31,88,100,4.61,overcast clouds
244,Jalu,LY,29.0331,21.5482,71.44,23,91,14.56,overcast clouds
245,Onega,RU,63.9061,38.1404,26.19,64,55,8.79,broken clouds
246,Tuatapere,NZ,-46.1333,167.6833,54.36,80,64,5.37,broken clouds
247,Upernavik,GL,72.7868,-56.1549,28.99,72,100,6.2,overcast clouds
248,Fare,PF,-16.7,-151.0167,82.71,67,24,19.01,few clouds
249,Diffa,NE,13.3154,12.6113,82.6,18,51,8.77,broken clouds
250,Loma Bonita,PA,8.3833,-80.1667,80.78,89,100,10.22,overcast clouds
251,Mansa,IN,29.9833,75.3833,99.43,9,0,4.5,clear sky
252,Sistranda,NO,63.7256,8.834,31.96,56,100,6.42,overcast clouds
253,Palm Coast,US,29.585,-81.2078,72.07,85,40,4.61,scattered clouds
254,Kieta,PG,-6.2167,155.6333,84.45,71,32,4.32,light rain
255,Lebu,CL,-37.6167,-73.65,50.22,85,81,15.7,broken clouds
256,Shingu,JP,33.7333,135.9833,72.43,91,100,2.8,heavy intensity rain
257,Micheweni,TZ,-4.9667,39.8333,78.33,84,100,8.88,moderate rain
258,Orcopampa,PE,-15.2661,-72.3417,46.74,54,100,2.24,overcast clouds
259,Juneau,US,58.3019,-134.4197,44.98,96,100,3.13,overcast clouds
260,Turukhansk,RU,65.8167,87.9833,31.46,84,83,9.89,broken clouds
261,Ketchikan,US,55.3422,-131.6461,42.28,88,100,4.83,overcast clouds
262,Kahului,US,20.8947,-156.47,76.84,86,55,7.0,broken clouds
263,Fort Morgan,US,40.2503,-103.8,61.45,17,0,10.36,clear sky
264,Saint-Augustin,CA,51.226,-58.6502,34.47,98,100,8.23,snow
265,Pundaguitan,PH,6.3711,126.1689,81.55,77,100,4.88,overcast clouds
266,Borba,BR,-4.3878,-59.5939,74.19,89,68,2.59,broken clouds
267,Payson,US,40.0444,-111.7321,63.37,29,100,4.0,overcast clouds
268,Lavrentiya,RU,65.5833,-171.0,26.35,87,60,3.22,broken clouds
269,Alofi,NU,-19.0595,-169.9187,75.09,94,100,6.91,light intensity drizzle
270,Nha Trang,VN,12.25,109.1833,89.6,60,40,8.19,scattered clouds
271,Rio Gallegos,AR,-51.6226,-69.2181,37.45,81,100,14.97,overcast clouds
272,Ust-Kuyga,RU,70.0167,135.6,16.23,82,78,5.28,broken clouds
273,Alyangula,AU,-13.8483,136.4192,78.67,89,100,8.05,overcast clouds
274,Tucuman,AR,-26.8241,-65.2226,64.4,100,100,4.61,overcast clouds
275,Atambua,ID,-9.1061,124.8925,83.88,58,95,3.47,overcast clouds
276,Samaipata,BO,-18.15,-63.8667,57.79,96,100,4.99,overcast clouds
277,Gat,IL,31.61,34.7642,72.39,69,44,3.96,scattered clouds
278,Souillac,MU,-20.5167,57.5167,76.53,79,18,9.13,few clouds
279,Benjamin Constant,BR,-4.3831,-70.0311,77.13,98,100,1.34,overcast clouds
280,Padang,ID,-0.9492,100.3543,86.81,68,36,4.97,scattered clouds
281,Maroantsetra,MG,-15.4333,49.7333,73.54,84,77,2.84,broken clouds
282,Dali,CN,25.7,100.1833,74.43,28,0,8.05,clear sky
283,Liverpool,GB,53.4106,-2.9779,44.62,79,100,6.91,overcast clouds
284,Tura,IN,25.5198,90.2201,86.79,57,10,6.53,clear sky
285,Roald,NO,62.5833,6.1333,39.76,75,92,8.05,overcast clouds
286,Nouadhibou,MR,20.931,-17.0347,63.5,85,0,21.61,clear sky
287,Lasa,IT,46.6166,10.7002,35.37,80,17,4.68,few clouds
288,Sao Miguel Do Araguaia,BR,-13.275,-50.1628,71.26,63,2,2.89,clear sky
289,Wanxian,CN,30.8039,108.3897,82.74,53,100,7.43,overcast clouds
290,Batagay,RU,67.6333,134.6333,23.23,76,100,5.86,overcast clouds
291,Lahan,NP,26.7296,86.4951,95.81,29,0,11.95,clear sky
292,Solnechnyy,RU,50.7214,136.6319,29.03,93,100,17.52,snow
293,Strezhevoy,RU,60.7333,77.5889,35.98,97,99,8.1,overcast clouds
294,Najran,SA,17.4924,44.1277,74.21,41,1,0.63,clear sky
295,Le Vauclin,MQ,14.5452,-60.8388,77.85,73,0,6.91,clear sky
296,Tambovka,RU,50.0969,128.0489,45.27,33,47,15.39,scattered clouds
297,Nishihara,JP,26.1842,127.7558,84.25,78,75,13.8,broken clouds
298,Portland,US,45.5234,-122.6762,49.95,77,75,6.91,broken clouds
299,Safaga,EG,26.7292,33.9365,75.94,47,0,10.33,clear sky
300,Hambantota,LK,6.1241,81.1185,84.54,94,49,3.44,scattered clouds
301,Mayo,US,38.8876,-76.5119,59.11,85,0,6.91,clear sky
302,Srednekolymsk,RU,67.45,153.6833,26.33,92,100,10.47,light snow
303,Lakeway,US,30.3638,-97.9796,66.7,79,0,4.0,clear sky
304,Sibu,MY,2.3,111.8167,85.51,69,87,4.29,overcast clouds
305,Mashhad,IR,36.297,59.6062,68.14,60,40,0.0,scattered clouds
306,Berezovyy,RU,51.6667,135.7,30.9,90,100,11.25,snow
307,Rudbar,AF,30.15,62.6,90.21,13,49,3.24,scattered clouds
308,Namatanai,PG,-3.6667,152.4333,85.53,69,12,10.8,few clouds
309,Noumea,NC,-22.2763,166.4572,82.38,99,99,14.54,overcast clouds
310,Businga,CD,3.3333,20.8833,69.1,98,100,2.39,overcast clouds
311,Barcelos,PT,41.5388,-8.6151,55.85,94,47,3.83,scattered clouds
312,Aguimes,ES,27.9054,-15.4461,61.43,68,40,18.41,scattered clouds
313,Poum,NC,-20.2333,164.0167,78.39,66,92,22.64,overcast clouds
314,Zarubino,RU,42.63,131.0922,55.4,28,0,13.4,clear sky
315,Male,MV,4.1748,73.5089,84.4,69,22,1.03,few clouds
316,Vetrni,CZ,48.7743,14.2862,43.9,97,100,1.77,light rain
317,Pangkalanbuun,ID,-2.6833,111.6167,92.16,50,85,4.14,overcast clouds
318,Caravelas,BR,-17.7125,-39.2481,74.39,78,0,4.59,clear sky
319,Ratnagiri,IN,16.9833,73.3,91.94,41,6,8.25,clear sky
320,Shimoda,JP,34.6667,138.95,74.1,92,100,12.93,overcast clouds
321,Umred,IN,20.85,79.3333,102.49,9,55,4.61,broken clouds
322,Omboue,GA,-1.5746,9.2618,76.95,89,100,9.66,moderate rain
323,Libreville,GA,0.3925,9.4537,75.43,93,100,1.19,moderate rain
324,Riyadh,SA,24.6877,46.7219,73.54,37,4,12.59,clear sky
325,Buraydah,SA,26.326,43.975,73.72,46,24,6.91,few clouds
326,Verkhoyansk,RU,67.5447,133.385,25.41,72,99,7.4,overcast clouds
327,San Cristobal,VE,7.7669,-72.225,67.64,96,100,0.56,overcast clouds
328,Oranjemund,NA,-28.55,16.4333,61.34,39,0,6.6,clear sky
329,Sioux Lookout,CA,50.1001,-91.917,18.68,96,100,3.58,overcast clouds
330,Klaksvik,FO,62.2266,-6.589,36.52,63,89,7.81,overcast clouds
331,Baykit,RU,61.67,96.37,36.86,64,19,3.8,few clouds
332,La Rioja,ES,42.25,-2.5,47.98,81,100,2.17,light rain
333,Krasnoselkup,RU,65.7,82.4667,30.9,90,100,17.81,overcast clouds
334,Muros,ES,42.7762,-9.0603,51.67,95,18,7.02,few clouds
335,Beloha,MG,-25.1667,45.05,71.69,89,100,12.21,overcast clouds
336,Sept-Iles,CA,50.2001,-66.3821,35.06,97,100,4.43,overcast clouds
337,Cherskiy,RU,68.75,161.3,33.19,96,78,8.79,broken clouds
338,Komsomolskiy,UZ,40.4272,71.7189,61.52,82,75,6.91,shower rain
339,Palmer,US,42.1584,-72.3287,52.95,88,100,0.0,moderate rain
340,Kisanga,TZ,-7.4362,37.7034,70.16,96,97,3.44,overcast clouds
341,Mandalgovi,MN,45.7625,106.2708,45.9,18,52,10.69,broken clouds
342,Matay,EG,28.419,30.7792,67.51,39,0,12.68,clear sky
343,Saint John,CA,45.2727,-66.0677,41.79,97,99,5.35,overcast clouds
344,Milicz,PL,51.5277,17.2714,44.11,82,25,1.01,scattered clouds
345,Huilong,CN,31.8111,121.655,63.5,54,96,15.39,overcast clouds
346,Charyshskoye,RU,51.3978,83.5598,55.26,35,98,3.53,overcast clouds
347,Adana,TR,36.985,35.2881,55.42,94,20,2.3,mist
348,Khartoum,SD,15.5518,32.5324,86.54,10,100,8.9,overcast clouds
349,Hernani,ES,43.2662,-1.9762,57.61,86,0,4.61,light rain
350,Kruisfontein,ZA,-34.0033,24.7314,51.48,79,5,4.7,clear sky
351,Yar-Sale,RU,66.8333,70.8333,35.62,100,100,15.41,overcast clouds
352,Los Llanos De Aridane,ES,28.6585,-17.9182,58.75,67,20,11.5,few clouds
353,Bilibino,RU,68.0546,166.4372,32.31,79,100,3.36,overcast clouds
354,Umea,SE,63.8284,20.2597,26.91,68,0,8.05,clear sky
355,Mainpuri,IN,27.2333,79.0167,102.7,8,0,2.13,clear sky
356,Lima,PE,-12.0432,-77.0282,66.9,80,100,7.47,overcast clouds
357,Bambous Virieux,MU,-20.3428,57.7575,74.21,77,26,8.75,light rain
358,Mopipi,BW,-21.1833,24.8833,68.47,67,78,12.08,broken clouds
359,Muskogee,US,35.5834,-95.3336,54.34,63,0,3.44,clear sky
360,San Patricio,US,28.017,-97.5169,73.89,86,13,7.09,few clouds
361,Dicabisagan,PH,17.0818,122.4157,87.39,65,12,8.37,few clouds
362,Betera,ES,39.5833,-0.45,58.87,79,0,4.61,clear sky
363,Kholtoson,RU,50.2981,103.3097,46.4,19,11,6.02,few clouds
364,Porto Torres,IT,40.835,8.3972,48.38,68,11,4.45,few clouds
365,Hobyo,SO,5.3505,48.5268,83.79,67,98,7.65,overcast clouds
366,Sur,OM,22.5667,59.5289,91.22,37,93,6.71,overcast clouds
367,Aykhal,RU,66.0,111.5,24.98,78,97,4.41,overcast clouds
368,La Orilla,MX,17.9833,-102.2333,75.04,70,2,2.91,clear sky
369,Coihaique,CL,-45.5752,-72.0662,31.95,86,75,3.44,broken clouds
370,Perry,US,37.2506,-83.1999,47.12,82,1,2.33,clear sky
371,Yongan,CN,39.6957,113.6871,40.5,61,100,8.08,moderate rain
372,Great Yarmouth,GB,52.6083,1.7305,46.65,78,86,10.96,overcast clouds
373,Meulaboh,ID,4.1363,96.1285,84.2,66,99,2.13,overcast clouds
374,Nyurba,RU,63.2842,118.3319,33.49,70,65,3.49,light snow
375,Kununurra,AU,-15.7667,128.7333,94.98,34,40,8.05,scattered clouds
376,Chama,CH,47.1821,8.4636,42.37,100,75,0.0,broken clouds
377,Ostrovnoy,RU,68.0531,39.5131,18.7,86,76,27.29,light snow
378,Dunedin,NZ,-45.8742,170.5036,53.8,82,88,3.06,overcast clouds
379,Netanya,IL,32.3329,34.8599,63.05,76,91,2.13,overcast clouds
380,Xining,CN,36.6167,101.7667,46.85,62,100,11.95,light rain
381,Port Hawkesbury,CA,45.6169,-61.3485,43.92,86,100,1.01,overcast clouds
382,Zabol,AF,32.25,67.25,73.13,13,54,1.05,broken clouds
383,Chiredzi,ZW,-21.05,31.6667,64.99,82,100,6.44,overcast clouds
384,Port-Gentil,GA,-0.7193,8.7815,78.13,88,100,8.95,heavy intensity rain
385,Iqaluit,CA,63.7506,-68.5145,-16.56,93,33,3.85,scattered clouds
386,Mareeba,AU,-17.0,145.4333,84.43,66,56,5.01,broken clouds
387,Shalinskoye,RU,55.7228,93.7594,41.23,81,100,9.86,overcast clouds
388,Walvis Bay,NA,-22.9575,14.5053,59.09,58,4,4.63,clear sky
389,Mandurah,AU,-32.55,115.7,68.92,62,12,14.54,few clouds
390,Port Moresby,PG,-9.4431,147.1797,84.27,70,87,6.06,overcast clouds
391,Fort Nelson,CA,58.8053,-122.7002,33.33,98,98,4.0,overcast clouds
392,Akyab,MM,20.15,92.9,87.17,65,42,9.13,scattered clouds
393,Ballina,AU,-28.8667,153.5667,75.02,81,53,7.92,broken clouds
394,Halifax,CA,44.6453,-63.5724,43.68,91,100,5.01,overcast clouds
395,Soyo,AO,-6.1349,12.3689,76.55,91,100,7.23,moderate rain
396,Sinnamary,GF,5.3833,-52.95,77.83,89,100,6.29,overcast clouds
397,Vyartsilya,RU,62.1764,30.693,27.86,86,100,2.93,overcast clouds
398,Washougal,US,45.5826,-122.3534,49.89,87,75,3.44,broken clouds
399,Iquique,CL,-20.2208,-70.1431,62.64,78,97,3.2,overcast clouds
400,Burns Lake,CA,54.2331,-125.7533,33.53,91,100,1.39,overcast clouds
401,Durban,ZA,-29.8579,31.0292,62.02,70,0,4.0,clear sky
402,Villamontes,BO,-21.25,-63.5,72.99,83,50,4.61,scattered clouds
403,Chaozhou,CN,23.6651,116.6379,87.66,49,11,6.58,few clouds
404,Manggar,ID,-2.8833,108.2667,88.65,60,72,4.25,light rain
405,Wittingen,DE,52.7269,10.7361,47.16,97,100,3.6,overcast clouds
406,Coquimbo,CL,-29.9533,-71.3436,58.73,82,0,3.44,clear sky
407,Zambezi,ZM,-13.5432,23.1047,60.76,80,96,5.59,overcast clouds
408,Sola,VU,-13.8833,167.55,80.49,78,93,16.02,overcast clouds
409,Shitkino,RU,56.3703,98.3543,38.26,54,98,8.63,overcast clouds
410,Kanashevo,RU,55.2169,62.0634,63.16,50,31,17.27,scattered clouds
411,Abha,SA,18.2164,42.5053,57.45,55,0,0.0,clear sky
412,Deputatskiy,RU,69.3,139.9,15.51,82,100,3.47,overcast clouds
413,Naifaru,MV,5.4444,73.3657,84.67,69,44,1.83,scattered clouds
414,Necochea,AR,-38.5473,-58.7368,63.0,94,100,8.55,heavy intensity rain
415,Moerai,PF,-22.4333,-151.3333,80.06,80,90,14.12,overcast clouds
416,Piacabucu,BR,-10.4056,-36.4344,76.12,80,19,5.3,few clouds
417,Clyde River,CA,70.4692,-68.5914,-5.57,84,75,10.36,light snow
418,Mount Pleasant,US,32.7941,-79.8626,69.98,92,0,5.75,clear sky
419,Teguise,ES,29.0605,-13.564,59.22,72,40,5.75,scattered clouds
420,Lenoir City,US,35.7973,-84.256,52.29,79,2,1.99,clear sky
421,Puri,IN,19.8,85.85,90.12,74,5,16.2,clear sky
422,Vuktyl,RU,63.8567,57.3094,35.6,87,100,10.18,overcast clouds
423,Salmas,IR,38.1973,44.7653,56.34,67,99,2.39,overcast clouds
424,Gurupa,BR,-1.405,-51.64,73.29,99,100,2.66,overcast clouds
425,Hofn,IS,64.2539,-15.2082,42.58,73,71,5.37,broken clouds
426,Samagaltay,RU,50.6022,95.0047,42.67,35,63,3.47,broken clouds
427,Harrogate,GB,53.9908,-1.5373,41.65,89,75,4.61,broken clouds
428,Nacala,MZ,-14.5428,40.6728,72.7,97,83,8.86,broken clouds
429,Saint-Georges,GD,12.0564,-61.7485,77.74,86,88,8.99,overcast clouds
430,Rocha,UY,-34.4833,-54.3333,70.07,92,96,17.18,overcast clouds
431,Awjilah,LY,29.1081,21.2869,71.87,22,90,14.99,overcast clouds
432,Djambala,CG,-2.5447,14.7533,67.8,93,100,3.74,overcast clouds
433,Ginda,IN,30.6945,78.4932,78.13,16,0,6.02,clear sky
434,Nesna,NO,66.1967,13.0213,30.42,59,100,9.73,light snow
435,Viedma,AR,-40.8135,-62.9967,57.4,34,100,18.54,overcast clouds
436,Port Hardy,CA,50.6996,-127.4199,41.79,86,93,5.21,light rain
437,Chipiona,ES,36.7366,-6.437,58.3,100,0,0.0,clear sky
438,Camacha,PT,33.0833,-16.3333,58.42,82,40,9.22,scattered clouds
439,Lulea,SE,65.5842,22.1547,24.87,63,0,4.61,clear sky
440,Uvira,CD,-3.4067,29.1458,70.43,89,100,4.65,light rain
441,Belawan,ID,3.7755,98.6832,86.29,70,83,4.79,broken clouds
442,Strijen,NL,51.7452,4.5508,46.99,87,6,1.01,clear sky
443,Calatayud,ES,41.3535,-1.6432,56.23,74,100,4.88,overcast clouds
444,Constantine,DZ,36.365,6.6147,54.81,87,0,4.61,clear sky
445,Gravdal,NO,68.1214,13.5031,26.49,86,40,8.05,light snow
446,Odweyne,SO,9.4092,45.064,75.7,62,89,9.06,light rain
447,Oneida,US,43.2001,-75.4663,46.74,72,100,6.91,overcast clouds
448,Unai,BR,-16.3575,-46.9061,67.41,71,0,1.03,clear sky
449,Kawalu,ID,-7.3817,108.2082,84.83,70,100,2.24,overcast clouds
450,Peniche,PT,39.3558,-9.3811,56.28,95,0,5.37,clear sky
451,Antalaha,MG,-14.9003,50.2788,73.9,80,92,4.29,overcast clouds
452,Miandrivazo,MG,-19.5167,45.4667,74.41,89,54,1.66,broken clouds
453,Da Lat,VN,11.9465,108.4419,82.69,39,20,1.25,few clouds
454,Osa,RU,57.2829,55.4567,57.85,84,63,13.96,broken clouds
455,Tocopilla,CL,-22.092,-70.1979,65.66,71,91,7.47,overcast clouds
456,Marsh Harbour,BS,26.5412,-77.0636,73.83,73,0,10.89,clear sky
457,Rongcheng,CN,30.634,117.8517,71.44,73,99,8.12,overcast clouds
458,San Quintin,MX,30.4833,-115.95,60.69,85,84,10.96,broken clouds
459,Luderitz,NA,-26.6481,15.1594,63.05,52,0,7.61,clear sky
460,Skibbereen,IE,51.55,-9.2667,51.12,90,10,11.92,clear sky
461,Tiarei,PF,-17.5333,-149.3333,84.22,75,21,20.69,few clouds
462,Richards Bay,ZA,-28.783,32.0377,60.53,76,19,9.4,few clouds
463,Shakawe,BW,-18.3667,21.85,66.25,51,78,3.83,broken clouds
464,Eyl,SO,7.9803,49.8164,81.88,73,95,5.64,overcast clouds
465,Tiznit,MA,29.5833,-9.5,53.87,89,15,1.92,few clouds
466,Sungaipenuh,ID,-2.0833,101.3833,81.61,52,82,2.51,broken clouds
467,Makokou,GA,0.5738,12.8642,67.55,99,100,3.69,overcast clouds
468,Waipawa,NZ,-41.4122,175.5153,54.16,74,52,10.04,broken clouds
469,Moron,AR,-34.6534,-58.6198,76.89,89,80,7.52,broken clouds
470,Nemuro,JP,43.3236,145.575,49.37,64,100,17.05,overcast clouds
471,Ahipara,NZ,-35.1667,173.1667,66.15,59,36,8.93,scattered clouds
472,Aswan,EG,24.0934,32.907,78.42,28,31,7.23,scattered clouds
473,Nome,US,64.5011,-165.4064,37.17,80,0,8.05,clear sky
474,Tikhvin,RU,59.6451,33.5294,33.22,81,87,7.81,overcast clouds
475,Mildura,AU,-34.2,142.15,66.16,77,100,4.61,overcast clouds
476,Mnogovershinnyy,RU,53.9353,139.9242,25.63,95,100,17.54,snow
477,Narsaq,GL,60.9167,-46.05,39.42,86,100,4.36,overcast clouds
478,Mao,ES,39.8885,4.2658,54.16,94,0,8.05,clear sky
479,Atar,MR,20.5169,-13.0499,68.95,40,0,11.32,clear sky
480,Bata,GQ,1.8639,9.7658,77.09,88,100,5.88,overcast clouds
481,Faya,SA,18.3851,42.4509,57.72,46,0,3.49,clear sky
482,Panama City,PA,8.9936,-79.5197,79.18,84,40,5.75,scattered clouds
483,La Peca,PE,-5.6111,-78.435,67.89,86,31,3.15,light rain
484,Indramayu,ID,-6.3264,108.32,84.15,72,100,2.53,overcast clouds
485,Kokopo,PG,-4.352,152.2633,83.91,69,24,5.75,light rain
486,Lorengau,PG,-2.0226,147.2712,83.12,80,95,8.14,overcast clouds
487,Camalu,MX,30.85,-116.0667,60.33,83,99,6.89,overcast clouds
488,Poltavka,RU,54.3663,71.7632,60.55,34,11,9.04,few clouds
489,Esperantina,BR,-3.9017,-42.2336,73.22,88,90,1.52,overcast clouds
490,Naze,JP,28.3667,129.4833,74.32,78,100,15.08,overcast clouds
491,Tars,TR,36.9188,34.8784,55.27,61,30,2.59,scattered clouds
492,Ponta Delgada,PT,37.7333,-25.6667,66.51,88,75,11.5,broken clouds
493,Jiayuguan,CN,39.8167,98.3,57.69,27,37,18.07,scattered clouds
494,Takoradi,GH,4.8845,-1.7554,79.34,88,100,8.01,overcast clouds
495,Vostok,RU,46.4856,135.8833,33.44,92,100,18.7,snow
496,Boa Vista,BR,2.8197,-60.6733,78.78,89,75,3.44,broken clouds
497,Altay,CN,47.8667,88.1167,45.57,62,89,4.27,overcast clouds
498,Jardim,BR,-21.4803,-56.1381,79.27,57,83,8.19,broken clouds
499,Garowe,SO,8.4054,48.4845,76.01,76,60,7.56,broken clouds
500,Bowen,AU,-20.0167,148.2333,79.97,71,29,15.3,scattered clouds
501,Arman,RU,59.7,150.1667,37.02,53,40,3.98,scattered clouds
502,Dovolnoye,RU,54.4958,79.6671,54.7,34,8,4.03,clear sky
503,Uri,IN,34.0833,74.0333,75.16,41,6,4.34,clear sky
504,North Bend,US,43.4065,-124.2243,50.86,88,40,4.61,scattered clouds
505,Novodugino,RU,55.6305,34.2842,38.82,90,55,7.9,broken clouds
506,Kpandae,GH,8.4689,-0.0113,79.86,76,84,9.75,broken clouds
507,Praia Da Vitoria,PT,38.7333,-27.0667,63.75,94,73,21.3,broken clouds
508,Paamiut,GL,61.994,-49.6678,34.36,97,100,29.08,light snow
509,Chumikan,RU,54.7183,135.315,33.12,77,100,7.94,overcast clouds
510,Svetlaya,RU,46.5389,138.3297,47.97,53,67,16.62,broken clouds
511,Voskresenskoye,RU,56.8381,45.4317,50.14,82,65,5.73,broken clouds
512,Port Lincoln,AU,-34.7333,135.8667,68.2,68,73,9.04,broken clouds
513,Cabo Rojo,PR,18.0866,-67.1457,75.97,83,39,9.86,scattered clouds
514,Faanui,PF,-16.4833,-151.75,82.9,66,54,19.6,broken clouds
515,Demba,CD,-5.51,22.2667,68.13,99,100,1.61,overcast clouds
516,Maxixe,MZ,-23.8597,35.3472,67.62,72,0,9.31,clear sky
517,Valkeala,FI,60.9401,26.7979,28.31,63,0,5.75,clear sky
518,Dhilwan,IN,31.5169,75.35,97.83,12,0,3.18,clear sky
519,Kota Tinggi,MY,1.7381,103.8999,87.84,67,75,4.12,broken clouds
520,Marsa Matruh,EG,31.3525,27.2453,62.53,65,0,2.17,clear sky
521,Chicama,PE,-7.8447,-79.1469,61.34,87,63,4.83,broken clouds
522,Falam,MM,22.9167,93.6833,88.61,12,0,2.04,clear sky
523,Yumen,CN,40.2833,97.2,60.4,29,46,18.86,scattered clouds
524,Svetlyy,RU,54.675,20.1347,44.65,81,94,7.76,overcast clouds
525,Moose Factory,CA,51.2585,-80.6094,16.84,85,100,11.9,overcast clouds
526,Miles City,US,46.4083,-105.8406,50.97,57,100,17.27,overcast clouds
527,Oktyabrskoye,RU,43.0645,44.7417,57.34,88,85,0.0,overcast clouds
528,Taltal,CL,-25.4,-70.4833,61.79,84,98,2.57,overcast clouds
529,Bouake,CI,7.6895,-5.0218,73.29,82,97,7.07,overcast clouds
530,Karpathos,GR,35.507,27.2132,60.76,94,2,13.8,clear sky
531,Saint-Denis,FR,48.9167,2.3333,45.14,83,0,9.22,clear sky
532,Vardo,NO,70.3705,31.1107,21.72,67,100,31.12,light snow
533,Bethanien,NA,-26.502,17.1583,57.7,37,0,4.07,clear sky
534,Churapcha,RU,62.0025,132.4325,30.27,63,97,3.69,overcast clouds
535,Muisne,EC,0.6,-80.0333,77.02,87,96,7.47,overcast clouds
536,Tulum,MX,20.2167,-87.4667,73.44,92,38,6.22,scattered clouds
537,Palmeiras De Goias,BR,-16.805,-49.9258,68.29,64,29,4.79,scattered clouds
538,Myrtle Beach,US,33.6891,-78.8867,67.33,92,0,3.44,clear sky
539,Mumbwa,ZM,-14.9783,27.0619,62.15,86,46,7.47,scattered clouds
540,Alihe,CN,50.5667,123.7167,45.27,29,95,10.02,overcast clouds
541,Vanavara,RU,60.34,102.2797,38.32,57,54,10.25,light rain
542,Alice Springs,AU,-23.7,133.8833,85.55,23,81,1.14,broken clouds
543,Comodoro Rivadavia,AR,-45.8667,-67.5,40.86,56,0,10.36,clear sky
544,Cabo San Lucas,MX,22.8909,-109.9124,78.1,68,0,11.54,clear sky
545,Kenai,US,60.5544,-151.2583,54.03,49,0,10.36,clear sky
546,Ciudad Bolivar,VE,8.1222,-63.5497,76.73,87,100,6.98,overcast clouds
547,Ko Samui,TH,9.5357,99.9357,91.31,70,20,5.75,few clouds
548,Vershino-Shakhtaminskiy,RU,51.3012,117.8868,38.21,22,16,12.01,few clouds
549,Verkhnyaya Inta,RU,65.9811,60.3094,34.9,97,100,20.38,overcast clouds
550,Sabha,LY,27.0377,14.4283,75.4,11,100,11.77,overcast clouds
551,Bonwapitse,BW,-23.0766,26.7037,59.23,93,5,10.92,clear sky
552,Suda,RU,59.1525,37.5582,37.51,76,100,8.28,overcast clouds
553,Road Town,VG,18.4167,-64.6167,75.29,63,73,14.74,broken clouds
554,Leningradskiy,RU,69.3833,178.4167,21.88,90,88,12.88,overcast clouds
555,Betanzos,ES,43.2804,-8.2147,56.05,85,0,6.91,clear sky
556,Sao Joao Da Barra,BR,-21.6403,-41.0511,75.31,89,2,11.1,clear sky
557,Rosetown,CA,51.5501,-108.0014,39.65,60,100,21.5,overcast clouds
558,Ulladulla,AU,-35.35,150.4667,67.77,71,95,5.95,moderate rain
559,Loudi,CN,27.7344,111.9944,77.56,72,99,1.52,overcast clouds
560,Lubango,AO,-14.9172,13.4925,59.05,66,4,2.48,clear sky
561,Muhoroni,KE,-0.1541,35.1988,63.46,96,100,2.75,overcast clouds
562,Uberaba,BR,-19.7483,-47.9319,67.48,70,15,7.07,few clouds
563,Bima,ID,-8.4667,118.7167,88.66,51,100,2.44,overcast clouds
564,Calvia,ES,39.5657,2.5062,57.07,58,99,2.91,overcast clouds
565,Abu Dhabi,AE,24.4667,54.3667,86.02,68,0,4.61,clear sky
566,Mitu,CO,1.1983,-70.1733,71.62,94,98,1.41,overcast clouds
567,Longjiang,CN,47.3303,123.1836,52.88,20,59,12.26,broken clouds
568,Awbari,LY,26.5921,12.7805,72.03,13,100,4.52,overcast clouds
569,Carlsbad,US,33.1581,-117.3506,64.9,88,20,6.91,haze
570,Ayr,GB,55.4627,-4.6339,43.5,93,20,6.91,few clouds
571,Lebanon,US,36.2081,-86.2911,51.13,81,0,5.5,clear sky
572,Ankpa,NG,7.3706,7.6253,74.25,89,80,8.46,broken clouds
573,Hamilton,US,39.1834,-84.5333,47.03,73,0,5.75,clear sky
574,Salamiyah,SY,35.0113,37.0532,68.04,38,1,2.77,clear sky
575,Dongsheng,CN,39.8161,109.9776,50.67,44,100,7.63,overcast clouds
576,Vila,PT,42.0304,-8.1588,43.68,94,6,3.33,clear sky
577,Firminopolis,BR,-16.5819,-50.305,67.3,62,14,3.0,few clouds
578,Oum Hadjer,TD,13.2954,19.6966,88.23,28,88,7.02,overcast clouds
579,Uthal,PK,25.8072,66.6219,88.02,51,0,2.04,clear sky
580,Port Blair,IN,11.6667,92.75,85.08,72,100,6.22,overcast clouds
581,Jinchang,CN,38.4953,102.1739,46.8,57,100,6.96,overcast clouds
582,Kalemie,CD,-5.9475,29.1947,68.5,91,100,5.44,light rain
583,Honiara,SB,-9.4333,159.95,85.51,69,88,3.6,overcast clouds
584,Valdivia,CL,-39.8142,-73.2459,46.36,91,100,8.68,overcast clouds
585,Dubbo,AU,-32.25,148.6167,60.93,94,100,12.66,overcast clouds
586,Sedalia,US,38.7045,-93.2283,49.42,57,0,7.0,clear sky
587,Ardmore,US,34.1743,-97.1436,58.24,69,0,0.0,clear sky
588,Amarante Do Maranhao,BR,-5.5667,-46.7422,70.95,93,98,2.42,overcast clouds
589,Marau,BR,-28.4492,-52.2,68.54,85,1,6.89,clear sky
590,Kutum,SD,14.2,24.6667,75.61,27,90,5.91,overcast clouds
591,Santa Cruz,BO,-17.8,-63.1667,78.26,83,20,14.97,few clouds
592,Ariquemes,BR,-9.9133,-63.0408,76.93,84,100,1.07,overcast clouds
593,Ambulu,ID,-8.345,113.6058,86.92,63,100,3.47,overcast clouds
594,Visnes,NO,59.3556,5.2242,42.85,75,54,13.8,broken clouds
595,Voznesenye,RU,61.0106,35.4781,27.32,84,99,11.07,overcast clouds
596,Cabedelo,BR,-6.9811,-34.8339,75.87,81,10,11.41,clear sky
597,Miri,MY,4.4148,114.0089,80.8,84,100,10.02,overcast clouds
598,Ixtapa,MX,20.7,-105.2,72.63,83,0,0.0,clear sky
599,Acapulco,MX,16.8634,-99.8901,80.42,78,75,2.3,broken clouds
600,Tual,ID,-5.6667,132.75,84.16,72,76,5.66,broken clouds
601,Savelugu,GH,9.6244,-0.8253,86.86,51,96,12.12,overcast clouds
602,Bintulu,MY,3.1667,113.0333,75.38,95,100,3.89,overcast clouds
603,Lac Du Bonnet,CA,50.2536,-96.0612,22.98,94,10,4.72,clear sky
604,Roebourne,AU,-20.7833,117.1333,84.18,50,100,11.14,overcast clouds
605,Bonavista,CA,48.6499,-53.1147,34.38,92,97,2.68,overcast clouds
606,Rio Claro,BR,-22.4114,-47.5614,65.84,78,9,2.98,clear sky
607,Skjervoy,NO,70.0311,20.9714,21.2,78,100,19.13,light snow
608,Umiray,PH,15.2206,121.4111,85.21,73,32,8.88,scattered clouds
609,Tete,MZ,-16.1564,33.5867,73.49,94,40,3.44,scattered clouds
610,Newport,GB,51.5877,-2.9984,46.09,75,66,10.98,broken clouds
611,Coahuayana,MX,18.7333,-103.6833,71.22,82,2,2.24,clear sky
612,Gigmoto,PH,13.7796,124.39,84.61,79,99,12.17,heavy intensity rain
613,Effingham,US,32.3669,-81.3332,69.75,90,100,4.5,overcast clouds
614,Touros,BR,-5.1989,-35.4608,75.58,87,7,10.13,clear sky
615,Rawson,AR,-43.3002,-65.1023,50.0,33,59,20.07,broken clouds
616,Nizhniy Kuranakh,RU,58.8353,125.4869,36.73,56,100,4.83,light rain
617,Lamar,US,33.6668,-95.5836,57.11,77,0,4.61,clear sky
618,Rzhev,RU,56.2624,34.3282,39.02,88,35,7.05,scattered clouds
619,Concordia,AR,-31.393,-58.0209,77.79,89,100,10.0,light rain
620,Nelson Bay,AU,-32.7167,152.15,74.08,78,100,10.2,overcast clouds
621,Manoel Urbano,BR,-8.8389,-69.2597,73.94,94,84,1.5,broken clouds
622,Mayskiy,RU,47.6931,40.1025,54.81,69,97,6.17,overcast clouds
623,Bud,US,39.447,-86.1758,44.94,72,0,5.91,clear sky
624,Union City,US,37.5958,-122.0192,56.79,72,0,8.05,clear sky
625,Chiang Klang,TH,19.2938,100.8617,99.97,35,3,3.42,clear sky
626,Warri,NG,5.5167,5.75,76.77,92,100,4.29,overcast clouds
627,Montauban,FR,44.0833,1.5,49.35,80,63,4.45,broken clouds
628,Maunabo,PR,18.0072,-65.8993,76.84,76,56,8.43,broken clouds
629,Meridian,US,43.6121,-116.3915,54.45,65,0,11.5,clear sky
630,Motygino,RU,58.1831,94.7592,37.36,71,100,3.58,overcast clouds
631,Northam,GB,51.0333,-4.2167,44.62,81,54,8.95,broken clouds
632,Ngama,TD,11.7833,17.1667,89.08,36,65,7.18,broken clouds
633,Samur,RU,41.8253,48.486,62.8,60,60,9.75,broken clouds
634,Lagunas,PE,-5.2269,-75.6753,74.14,91,64,2.35,broken clouds
635,Cimarron Hills,US,38.8586,-104.6989,57.42,30,20,8.05,few clouds
636,Subottsi,UA,48.6554,32.5209,47.66,90,9,8.84,clear sky
637,Xichang,CN,27.8964,102.2634,77.56,42,6,4.27,clear sky
638,Vestmannaeyjar,IS,63.4427,-20.2734,45.43,78,99,3.91,overcast clouds
639,Sulphur,US,30.2366,-93.3774,66.18,72,0,8.05,clear sky
640,Katobu,ID,-4.9408,122.5276,82.9,76,100,3.44,overcast clouds
641,Iquitos,PE,-3.7481,-73.2472,77.04,94,75,4.61,broken clouds
642,Toamasina,MG,-18.1667,49.3833,72.41,88,5,5.08,clear sky
643,Ramanuj Ganj,IN,23.8,83.7,103.95,8,0,2.53,clear sky
644,Nevelsk,RU,46.6733,141.8633,33.76,98,100,10.07,snow
645,Girau Do Ponciano,BR,-9.8842,-36.8289,68.94,91,24,1.43,few clouds
646,Slanic-Moldova,RO,46.2,26.4333,46.06,95,64,1.48,broken clouds
647,Norrtalje,SE,59.758,18.705,36.01,62,68,5.91,broken clouds
648,Sandovo,RU,58.4602,36.4128,32.68,91,92,8.3,overcast clouds
649,Noshiro,JP,40.2039,140.0242,56.23,69,20,22.01,few clouds
650,Baruun-Urt,MN,46.6806,113.2792,47.35,12,6,12.91,clear sky
651,Ajdabiya,LY,30.7554,20.2263,69.53,24,35,18.03,scattered clouds
652,Flinders,AU,-34.5833,150.8552,68.18,91,100,8.01,moderate rain
653,Yangambi,CD,0.8102,24.4336,68.88,97,99,1.19,overcast clouds
654,Mazagao,BR,-0.115,-51.2894,77.05,97,100,2.91,overcast clouds
655,Brae,GB,60.3964,-1.353,39.87,67,92,4.25,overcast clouds
656,Bandarbeyla,SO,9.4942,50.8122,82.71,74,37,4.5,scattered clouds
657,Mogadishu,SO,2.0371,45.3438,83.41,72,95,8.57,overcast clouds
658,Magadan,RU,59.5667,150.8,36.54,55,30,2.66,scattered clouds
659,Dire Dawa,ET,9.5931,41.8661,74.39,57,47,3.69,scattered clouds
660,Lubin,PL,51.4009,16.2015,41.02,81,70,0.69,broken clouds
661,Plettenberg Bay,ZA,-34.0527,23.3716,55.2,75,0,3.87,clear sky
662,Chara,RU,56.9064,118.2631,33.39,44,57,7.0,broken clouds
663,Cap Malheureux,MU,-19.9842,57.6142,74.46,79,12,5.01,few clouds
664,Bac Lieu,VN,9.285,105.7244,90.46,51,66,3.27,broken clouds
665,Sisimiut,GL,66.9395,-53.6735,32.32,90,100,8.12,light snow
666,Pacific Grove,US,36.6177,-121.9166,55.02,80,100,13.0,overcast clouds
667,Cody,US,44.5263,-109.0565,54.25,37,0,7.0,clear sky
668,Kaniama,CD,-7.5667,24.1833,65.05,97,100,3.78,light rain
669,Verkh-Usugli,RU,52.7,115.1667,44.33,13,11,4.74,few clouds
670,Mombetsu,JP,44.3525,143.3525,50.02,66,75,19.57,broken clouds
671,Westfield,US,42.1251,-72.7495,54.32,97,100,0.0,moderate rain
672,Bijie,CN,27.3125,105.2942,68.38,70,85,6.55,overcast clouds
673,Sao Francisco Do Sul,BR,-26.2433,-48.6381,69.26,97,72,1.9,broken clouds
674,Nurota,UZ,40.5614,65.6886,70.21,33,79,15.68,broken clouds
675,Vidim,RU,56.4088,103.1106,34.81,73,100,11.72,light snow
676,Shenjiamen,CN,29.9576,122.298,60.31,82,100,12.37,overcast clouds
677,Ardesen,TR,41.1911,40.9875,59.34,69,3,2.17,clear sky
678,Aubagne,FR,43.2928,5.5707,52.34,70,12,3.94,few clouds
679,Tizimin,MX,21.15,-88.15,72.95,89,32,7.7,scattered clouds
680,San Antonio,US,29.4241,-98.4936,68.45,78,40,3.44,scattered clouds
681,Darhan,MN,49.4867,105.9228,47.34,17,10,3.89,clear sky
682,Booue,GA,-0.0921,11.9385,71.98,100,100,2.51,light rain
